nav_date,asset_class_code,nav
2026-09-30,EQUITY,150.0000
2026-09-30,DEBT,25.0000
2026-09-30,GOLD,50.0000
2026-10-01,EQUITY,153.0000
2026-10-01,DEBT,25.0100
2026-10-01,GOLD,50.1500
2026-10-02,EQUITY,151.4700
2026-10-02,DEBT,25.0150
2026-10-02,GOLD,50.0497
2026-10-03,EQUITY,152.6818
2026-10-03,DEBT,25.0125
2026-10-03,GOLD,50.2999
2026-10-04,EQUITY,151.9184
2026-10-04,DEBT,25.0200
2026-10-04,GOLD,50.2496
2026-10-05,EQUITY,153.7414
2026-10-05,DEBT,25.0250
2026-10-05,GOLD,50.3501
2026-10-06,EQUITY,153.2802
2026-10-06,DEBT,25.0275
2026-10-06,GOLD,50.1487
2026-10-07,EQUITY,154.1999
2026-10-07,DEBT,25.0225
2026-10-07,GOLD,50.1988
2026-10-08,EQUITY,157.2839
2026-10-08,DEBT,25.0325
2026-10-08,GOLD,50.3494
2026-10-09,EQUITY,155.7111
2026-10-09,DEBT,25.0375
2026-10-09,GOLD,50.2487
2026-10-10,EQUITY,156.9568
2026-10-10,DEBT,25.0350
2026-10-10,GOLD,50.4999
2026-10-11,EQUITY,156.1720
2026-10-11,DEBT,25.0425
2026-10-11,GOLD,50.4494
2026-10-12,EQUITY,158.0461
2026-10-12,DEBT,25.0475
2026-10-12,GOLD,50.5503
2026-10-13,EQUITY,157.5720
2026-10-13,DEBT,25.0500
2026-10-13,GOLD,50.3481
2026-10-14,EQUITY,158.5174
2026-10-14,DEBT,25.0450
2026-10-14,GOLD,50.3984
2026-10-15,EQUITY,161.6877
2026-10-15,DEBT,25.0550
2026-10-15,GOLD,50.5496
2026-10-16,EQUITY,160.0708
2026-10-16,DEBT,25.0600
2026-10-16,GOLD,50.4485
2026-10-17,EQUITY,161.3514
2026-10-17,DEBT,25.0575
2026-10-17,GOLD,50.7007
2026-10-18,EQUITY,160.5446
2026-10-18,DEBT,25.0650
2026-10-18,GOLD,50.6500
2026-10-19,EQUITY,162.4711
2026-10-19,DEBT,25.0700
2026-10-19,GOLD,50.7513
2026-10-20,EQUITY,161.9837
2026-10-20,DEBT,25.0725
2026-10-20,GOLD,50.5483
2026-10-21,EQUITY,162.9556
2026-10-21,DEBT,25.0675
2026-10-21,GOLD,50.5988
2026-10-22,EQUITY,166.2147
2026-10-22,DEBT,25.0775
2026-10-22,GOLD,50.7506
2026-10-23,EQUITY,164.5526
2026-10-23,DEBT,25.0825
2026-10-23,GOLD,50.6491
2026-10-24,EQUITY,165.8690
2026-10-24,DEBT,25.0800
2026-10-24,GOLD,50.9023
2026-10-25,EQUITY,165.0397
2026-10-25,DEBT,25.0875
2026-10-25,GOLD,50.8514
2026-10-26,EQUITY,167.0202
2026-10-26,DEBT,25.0925
2026-10-26,GOLD,50.9531
2026-10-27,EQUITY,166.5191
2026-10-27,DEBT,25.0950
2026-10-27,GOLD,50.7493
2026-10-28,EQUITY,167.5182
2026-10-28,DEBT,25.0900
2026-10-28,GOLD,50.8000
2026-10-29,EQUITY,170.8686
2026-10-29,DEBT,25.1000
2026-10-29,GOLD,50.9524
2026-10-30,EQUITY,169.1599
2026-10-30,DEBT,25.1050
2026-10-30,GOLD,50.8505
